id	direction	compartment	gpr	name	enzyme	deltag	reference	equation	definition	ms id	bigg id	kegg id	kegg pathways	metacyc pathways
rxn00364_c0	=	Cytosol_0	HEFHIGPN_00801	ATP:CMP phosphotransferase_c0		9.53		(1)  cpd00002[c0] + (1)  cpd00046[c0] + (1)  cpd00067[c0] <=> (1)  cpd00008[c0] + (1)  cpd00096[c0]	(1)  ATP_c0[c0] + (1)  CMP_c0[c0] + (1)  H+_c0[c0] <=> (1)  ADP_c0[c0] + (1)  CDP_c0[c0]	rxn00364	CYTK1	R00512	Pyrimidine metabolism	Biosynthesis|Metabolic-Clusters|Nucleotide-Biosynthesis|P1-PWY|PRPP-PWY|PUR-NUC-SYN|PWY0-162|PWY0-163|PYR-NUC-SYN|Purine-Nucleotides-Salvage|Pyrimidine-De-Novo-Biosyn|Pyrimidine-Nucleotide-Salvage
rxn03408_c0	=	Cytosol_0	HEFHIGPN_00319	UDP-N-acetyl-D-glucosamine:undecaprenyl-diphospho-N-acetylmuramoyl-L-alanyl-gamma-D-glutamyl-meso-2,6-diaminopimeloyl-D-alanyl-D-alanine 4-beta-N-acetylglucosaminlytransferase_c0		-1.7		(1)  cpd00037[c0] + (1)  cpd03494[c0] <=> (1)  cpd00014[c0] + (1)  cpd03495[c0]	(1)  UDP-N-acetylglucosamine_c0[c0] + (1)  Undecaprenyl-diphospho-N-acetylmuramoyl-L-alanyl-D-glutamyl-meso-2-6-diaminopimeloyl-D-alanyl-D-alanine_c0[c0] <=> (1)  UDP_c0[c0] + (1)  Undecaprenyl-diphospho-N-acetylmuramoyl--N-acetylglucosamine-L-ala-D-glu-meso-2-6-diaminopimeloyl-D-ala-D-ala_c0[c0]	rxn03408		R05032	Peptidoglycan biosynthesis	
rxn01673_c0	=	Cytosol_0	HEFHIGPN_00895	ATP:dCDP phosphotransferase_c0		0		(1)  cpd00002[c0] + (1)  cpd00533[c0] <=> (1)  cpd00008[c0] + (1)  cpd00356[c0]	(1)  ATP_c0[c0] + (1)  dCDP_c0[c0] <=> (1)  ADP_c0[c0] + (1)  dCTP_c0[c0]	rxn01673	NDPK7	R02326	Pyrimidine metabolism	Biosynthesis|Nucleotide-Biosynthesis|PWY0-166|PYR-NUC-SYN|Pyrimid-Deoxyribonucleot-De-Novo-Biosyn
rxn13783_c0	>	Cytosol_0	(Unknown and Unknown and Unknown and HEFHIGPN_00147 and Unknown and Unknown and Unknown and Unknown and Unknown and Unknown and Unknown and Unknown and Unknown and Unknown and HEFHIGPN_00107 and Unknown and HEFHIGPN_00760 and Unknown and Unknown and Unknown and HEFHIGPN_00713 and Unknown and HEFHIGPN_00149)	DNA replication_c0				 => (1)  cpd17042[c0]	 => (1)  DNA replication_c0[c0]	rxn13783				
rxn01219_c0	=	Cytosol_0	HEFHIGPN_00801	ATP:dCMP phosphotransferase_c0		9.53		(1)  cpd00002[c0] + (1)  cpd00067[c0] + (1)  cpd00206[c0] <=> (1)  cpd00008[c0] + (1)  cpd00533[c0]	(1)  ATP_c0[c0] + (1)  H+_c0[c0] + (1)  dCMP_c0[c0] <=> (1)  ADP_c0[c0] + (1)  dCDP_c0[c0]	rxn01219	CYTK2	R01665	Pyrimidine metabolism	
rxn00800_c0	=	Cytosol_0	HEFHIGPN_00262	N6-(1,2-dicarboxyethyl)AMP AMP-lyase (fumarate-forming)_c0		7.34		(1)  cpd02375[c0] <=> (1)  cpd00018[c0] + (1)  cpd00106[c0]	(1)  Adenylosuccinate_c0[c0] <=> (1)  AMP_c0[c0] + (1)  Fumarate_c0[c0]	rxn00800	ADE13_2	R01083	Purine metabolism|Alanine, aspartate and glutamate metabolism	Biosynthesis|DENOVOPURINE2-PWY|Nucleotide-Biosynthesis|PRPP-PWY|PUR-NUC-SYN|Purine-Nucleotide-De-Novo-Biosynthesis
rxn00100_c0	>	Cytosol_0	HEFHIGPN_00559	ATP:dephospho-CoA 3'-phosphotransferase_c0		-14.03		(1)  cpd00002[c0] + (1)  cpd00655[c0] => (1)  cpd00008[c0] + (1)  cpd00010[c0] + (1)  cpd00067[c0]	(1)  ATP_c0[c0] + (1)  Dephospho-CoA_c0[c0] => (1)  ADP_c0[c0] + (1)  CoA_c0[c0] + (1)  H+_c0[c0]	rxn00100	DPCOAK	R00130	Pantothenate and CoA biosynthesis	Biosynthesis|COA-PWY|CoA-Biosynthesis|Cofactor-Biosynthesis|PANTOSYN-PWY|Vitamin-Biosynthesis
rxn02374_c0	>	Cytosol_0	Unknown	R03314_c0		-14.06		(1)  cpd00858[c0] => (1)  cpd00001[c0] + (1)  cpd00067[c0] + (1)  cpd02431[c0]	(1)  L-Glutamate5-semialdehyde_c0[c0] => (1)  H2O_c0[c0] + (1)  H+_c0[c0] + (1)  1-Pyrroline-5-carboxylate_c0[c0]	rxn02374	G5SADr	R03314	Arginine and proline metabolism	ARG-PRO-PWY|ARGASEDEG-PWY|ARGININE-DEG|ARGORNPROST-PWY|Activation-Inactivation-Interconversion|Amino-Acid-Biosynthesis|Amino-Acid-Degradation|Antibiotic-Biosynthesis|Biosynthesis|CITRULBIO-PWY|Citrulline-Biosynthesis|Degradation|GLUTAMATE-SYN|IND-AMINO-ACID-SYN|Interconversion|Other-Amino-Acid-Biosynthesis|PROLINE-SYN|PROSYN-PWY|SECONDARY-METABOLITE-BIOSYNTHESIS
rxn05319_c0	<	Cytosol_0	Unknown	TRANS-RXNBWI-115401.ce.maizeexp.OH_c0		0		(1)  cpd00001[e0] <= (1)  cpd00001[c0]	(1)  H2O_e0[e0] <= (1)  H2O_c0[c0]	rxn05319	H2Ot			
rxn03903_c0	=	Cytosol_0	HEFHIGPN_00322	UDPMurAc(oyl-L-Ala-D-gamma-Glu-L-Lys-D-Ala-D-Ala):undecaprenyl-phosphate phospho-N-acetylmuramoyl-pentapeptide-transferase_c0		0		(1)  cpd00286[c0] + (1)  cpd02862[c0] <=> (1)  cpd00091[c0] + (1)  cpd02948[c0]	(1)  Undecaprenylphosphate_c0[c0] + (1)  UDPMurAc(oyl-L-Ala-D-gamma-Glu-L-Lys-D-Ala-D-Ala) _c0[c0] <=> (1)  UMP_c0[c0] + (1)  MurAc(oyl-L-Ala-D-gamma-Glu-L-Lys-D-Ala-D-Ala) -diphospho- undecaprenol_c0[c0]	rxn03903	PAPPT2	R05629	Peptidoglycan biosynthesis	
rxn00097_c0	=	Cytosol_0	(HEFHIGPN_00560 or HEFHIGPN_00558)	ATP:AMP phosphotransferase_c0		9.53		(1)  cpd00002[c0] + (1)  cpd00018[c0] + (1)  cpd00067[c0] <=> (2)  cpd00008[c0]	(1)  ATP_c0[c0] + (1)  AMP_c0[c0] + (1)  H+_c0[c0] <=> (2)  ADP_c0[c0]	rxn00097	ADK1	R00127	Purine metabolism	Biosynthesis|DENOVOPURINE2-PWY|Metabolic-Clusters|Nucleotide-Biosynthesis|P1-PWY|PRPP-PWY|PUR-NUC-SYN|PYR-NUC-SYN|Purine-Nucleotide-De-Novo-Biosynthesis|Purine-Nucleotides-Salvage
rxn00692_c0	=	Cytosol_0	HEFHIGPN_00067	5,10-Methylenetetrahydrofolate:glycine hydroxymethyltransferase_c0		-0.05		(1)  cpd00001[c0] + (1)  cpd00033[c0] + (1)  cpd00125[c0] <=> (1)  cpd00054[c0] + (1)  cpd00087[c0]	(1)  H2O_c0[c0] + (1)  Glycine_c0[c0] + (1)  5-10-Methylenetetrahydrofolate_c0[c0] <=> (1)  L-Serine_c0[c0] + (1)  Tetrahydrofolate_c0[c0]	rxn00692	GHMT	R00945	Glycine, serine and threonine metabolism|Cyanoamino acid metabolism|Glyoxylate and dicarboxylate metabolism|One carbon pool by folate|Methane metabolism	1CMET2-PWY|AMINE-DEG|Amino-Acid-Biosynthesis|Biosynthesis|C1-COMPOUNDS|Cofactor-Biosynthesis|Degradation|Energy-Metabolism|Folate-Biosynthesis|Formaldehyde-Assimilation|GLYCINE-SYN|GLYSYN-PWY|IND-AMINO-ACID-SYN|NUCLEO-DEG|Photosynthesis|Purine-Degradation|SER-GLYSYN-PWY|Vitamin-Biosynthesis
rxn01997_c0	>	Cytosol_0	HEFHIGPN_00454	dTDPglucose 4,6-hydro-lyase_c0		-13.9		(1)  cpd00626[c0] => (1)  cpd00001[c0] + (1)  cpd00521[c0]	(1)  dTDPglucose_c0[c0] => (1)  H2O_c0[c0] + (1)  dTDP-4-oxo-6-deoxy-D-glucose_c0[c0]	rxn01997	TDPGDH	R06513	Streptomycin biosynthesis|Polyketide sugar unit biosynthesis|Biosynthesis of vancomycin group antibiotics	Antibiotic-Biosynthesis|Biosynthesis|CARBO-BIOSYNTHESIS|Carbohydrates-Biosynthesis|Cell-Structure-Biosynthesis|Cell-Wall-Biosynthesis|DTDPRHAMSYN-PWY|ECASYN-PWY|Lipopolysaccharide-Biosynthesis|O-Antigen-Biosynthesis|OANTIGEN-PWY|Rhamnose-Biosynthesis|SECONDARY-METABOLITE-BIOSYNTHESIS|SUGAR-NUCLEOTIDES
rxn02380_c0	=	Cytosol_0	HEFHIGPN_00243	beta-D-Glucose 6-phosphate ketol-isomerase_c0		-0.89		(1)  cpd00863[c0] <=> (1)  cpd00072[c0]	(1)  beta-D-Glucose 6-phosphate_c0[c0] <=> (1)  D-fructose-6-phosphate_c0[c0]	rxn02380	G6PI2	R03321	Glycolysis / Gluconeogenesis	ANAEROFRUCAT-PWY|ANAGLYCOLYSIS-PWY|Biosynthesis|C1-COMPOUNDS|CARBO-BIOSYNTHESIS|COLANSYN-PWY|Carbohydrates-Biosynthesis|Carbohydrates-Degradation|Cell-Structure-Biosynthesis|Degradation|Energy-Metabolism|Fermentation|Formaldehyde-Oxidation|GDP-Mannose-Biosynthesis|GLUCONEO-PWY|GLYCOGEN-BIOSYN|GLYCOLYSIS|GLYCOLYSIS-E-D|GLYCOLYSIS-TCA-GLYOX-BYPASS|GLYCOLYSIS-VARIANTS|Gluconeogenesis|P122-PWY|P124-PWY|P341-PWY|Polyamine-Biosynthesis|Polysaccharides-Biosynthesis|RUMP-PWY|SECONDARY-METABOLITE-BIOSYNTHESIS|SECONDARY-METABOLITE-DEGRADATION|SUCROSE-DEG|SUCSYN-PWY|SUGAR-ALCOHOLS-DEG|SUGAR-DERIVS|SUGAR-NUCLEOTIDES|Sorbitol-Biosynthesis|Sugar-Alcohols-Biosynthesis|Sugar-Derivatives|Sugars-And-Polysaccharides|TCA-VARIANTS|UDP-Nac-Galactosamine-Biosynthesis
rxn04457_c0	>	Cytosol_0	Unknown	R06605_c0		-9.78		(1)  cpd09027[c0] => (1)  cpd00011[c0] + (1)  cpd01567[c0]	(1)  5-Hydroxy-2-oxo-4-ureido-2,5-dihydro-1H-imidazole-5-carboxylate_c0[c0] => (1)  CO2_c0[c0] + (1)  (R) -Allantoin_c0[c0]	rxn04457		R06605	Purine metabolism	
rxn00295_c0	=	Cytosol_0	(HEFHIGPN_00450 or HEFHIGPN_00416 or HEFHIGPN_00782)	UDP-N-acetyl-D-glucosamine 4-epimerase_c0	5.1.3.7	0		(1)  cpd00037[c0] <=> (1)  cpd00175[c0]	(1)  UDP-N-acetylglucosamine_c0[c0] <=> (1)  UDP-N-acetyl-D-galactosamine_c0[c0]	rxn00295	UAG4E	R00418	Amino sugar and nucleotide sugar metabolism	Biosynthesis|Cell-Structure-Biosynthesis|Polyamine-Biosynthesis|UDP-Nac-Galactosamine-Biosynthesis
rxn00707_c0	=	Cytosol_0	HEFHIGPN_00801	ITP:cytidine 5'-phosphotransferase_c0		-14.03		(1)  cpd00068[c0] + (1)  cpd00367[c0] <=> (1)  cpd00046[c0] + (1)  cpd00067[c0] + (1)  cpd00090[c0]	(1)  ITP_c0[c0] + (1)  Cytidine_c0[c0] <=> (1)  CMP_c0[c0] + (1)  H+_c0[c0] + (1)  IDP_c0[c0]	rxn00707	CYTDK3	R00962	Pyrimidine metabolism	
rxn00747_c0	=	Cytosol_0	HEFHIGPN_00665	D-glyceraldehyde-3-phosphate aldose-ketose-isomerase_c0		-1.46		(1)  cpd00102[c0] <=> (1)  cpd00095[c0]	(1)  Glyceraldehyde3-phosphate_c0[c0] <=> (1)  Glycerone-phosphate_c0[c0]	rxn00747	TPI	R01015	Glycolysis / Gluconeogenesis|Fructose and mannose metabolism|Inositol phosphate metabolism|Carbon fixation in photosynthetic organisms	ANAEROFRUCAT-PWY|ANAGLYCOLYSIS-PWY|Autotrophic-CO2-Fixation|Biosynthesis|C1-COMPOUNDS|CALVIN-PWY|CARBO-BIOSYNTHESIS|CARBOXYLATES-DEG|CO2-Fixation|Carbohydrates-Biosynthesis|Carbohydrates-Degradation|Degradation|Energy-Metabolism|Fermentation|Formaldehyde-Assimilation|GLYCOLYSIS|GLYCOLYSIS-E-D|GLYCOLYSIS-TCA-GLYOX-BYPASS|GLYCOLYSIS-VARIANTS|Gluconeogenesis|P185-PWY|P341-PWY|P441-PWY|P461-PWY|PHOTOALL-PWY|PWY66-373|Photosynthesis|SECONDARY-METABOLITE-DEGRADATION|SUCROSE-DEG|SUGAR-ALCOHOLS-DEG|Sugar-Derivatives|Sugars-And-Polysaccharides|TCA-VARIANTS
rxn00830_c0	=	Cytosol_0	HEFHIGPN_00822	Isopentenyl-diphosphate delta3-delta2-isomerase_c0		0.66		(1)  cpd00113[c0] <=> (1)  cpd00202[c0]	(1)  Isopentenyldiphosphate_c0[c0] <=> (1)  DMAPP_c0[c0]	rxn00830	IDI1	R01123	Terpenoid backbone biosynthesis	All-Trans-Farnesyl-PP-Biosynthesis|Biosynthesis|Cell-Structure-Biosynthesis|Cell-Wall-Biosynthesis|Cofactor-Biosynthesis|DITERPENOID-SYN|ERGOSTEROL-SYN-PWY|Energy-Metabolism|GGPP-Biosynthesis|ISOPRENOIDS|Lipid-Biosynthesis|NONMEVIPP-PWY|Other-biosynthesis|POLYISOPRENSYN-PWY|PWY66-5|Polyprenyl-Biosynthesis|SECONDARY-METABOLITE-BIOSYNTHESIS|Sterol-Biosynthesis|Terpenoid-Biosynthesis
rxn01675_c0	=	Cytosol_0	(HEFHIGPN_00455 or HEFHIGPN_00329)	dTTP:alpha-D-glucose-1-phosphate thymidylyltransferase_c0		1.07		(1)  cpd00089[c0] + (1)  cpd00357[c0] <=> (1)  cpd00012[c0] + (1)  cpd00626[c0]	(1)  Glucose-1-phosphate_c0[c0] + (1)  TTP_c0[c0] <=> (1)  PPi_c0[c0] + (1)  dTDPglucose_c0[c0]	rxn01675	G1PTMT	R02328	Streptomycin biosynthesis|Polyketide sugar unit biosynthesis	Antibiotic-Biosynthesis|Biosynthesis|CARBO-BIOSYNTHESIS|Carbohydrates-Biosynthesis|Cell-Structure-Biosynthesis|Cell-Wall-Biosynthesis|DTDPRHAMSYN-PWY|ECASYN-PWY|Lipopolysaccharide-Biosynthesis|O-Antigen-Biosynthesis|OANTIGEN-PWY|Rhamnose-Biosynthesis|SECONDARY-METABOLITE-BIOSYNTHESIS|SUGAR-NUCLEOTIDES
rxn00324_c0	=	Cytosol_0	(HEFHIGPN_00642 and Unknown)	glycolate:NADP+ oxidoreductase_c0		7.68		(1)  cpd00006[c0] + (1)  cpd00139[c0] <=> (1)  cpd00005[c0] + (1)  cpd00040[c0] + (1)  cpd00067[c0]	(1)  NADP_c0[c0] + (1)  Glycolate_c0[c0] <=> (1)  NADPH_c0[c0] + (1)  Glyoxalate_c0[c0] + (1)  H+_c0[c0]	rxn00324	GLYCLTDy	R00465	Glyoxylate and dicarboxylate metabolism	
rxn01454_c0	<	Cytosol_0	HEFHIGPN_00735	acetyl-CoA:acetoacetyl-CoA C-acetyltransferase (thioester-hydrolysing, carboxymethyl-forming)_c0	2.3.3.10|4.1.3.5	6.47		(1)  cpd00010[c0] + (1)  cpd00067[c0] + (1)  cpd00292[c0] <= (1)  cpd00001[c0] + (1)  cpd00022[c0] + (1)  cpd00279[c0]	(1)  CoA_c0[c0] + (1)  H+_c0[c0] + (1)  HMG-CoA_c0[c0] <= (1)  H2O_c0[c0] + (1)  Acetyl-CoA_c0[c0] + (1)  Acetoacetyl-CoA_c0[c0]	rxn01454	HMGCOAS	R01978	Synthesis and degradation of ketone bodies|Valine, leucine and isoleucine degradation|Butanoate metabolism|Terpenoid backbone biosynthesis	Biosynthesis|Cofactor-Biosynthesis|DITERPENOID-SYN|ERGOSTEROL-SYN-PWY|Energy-Metabolism|GGPP-Biosynthesis|ISOPRENOIDS|Lipid-Biosynthesis|OTHER-ENERGY|PWY66-367|PWY66-5|Polyprenyl-Biosynthesis|SECONDARY-METABOLITE-BIOSYNTHESIS|Sterol-Biosynthesis|Terpenoid-Biosynthesis
rxn09562_c0	=	Cytosol_0	HEFHIGPN_00633	Guanylate kinase_c0		9.53		(1)  cpd00067[c0] + (1)  cpd00115[c0] + (1)  cpd00126[c0] <=> (1)  cpd00031[c0] + (1)  cpd00177[c0]	(1)  H+_c0[c0] + (1)  dATP_c0[c0] + (1)  GMP_c0[c0] <=> (1)  GDP_c0[c0] + (1)  dADP_c0[c0]	rxn09562	GK2			
rxn00147_c0	>	Cytosol_0	HEFHIGPN_00242	ATP:pyruvate,water phosphotransferase_c0	2.7.9.2	-21.27		(1)  cpd00001[c0] + (1)  cpd00002[c0] + (1)  cpd00020[c0] => (1)  cpd00009[c0] + (1)  cpd00018[c0] + (1)  cpd00061[c0] + (3)  cpd00067[c0]	(1)  H2O_c0[c0] + (1)  ATP_c0[c0] + (1)  Pyruvate_c0[c0] => (1)  Phosphate_c0[c0] + (1)  AMP_c0[c0] + (1)  Phosphoenolpyruvate_c0[c0] + (3)  H+_c0[c0]	rxn00147	PPS	R00199	Pyruvate metabolism|Methane metabolism|Carbon fixation pathways in prokaryotes	ANAEROFRUCAT-PWY|Autotrophic-CO2-Fixation|Biosynthesis|C1-COMPOUNDS|CARBO-BIOSYNTHESIS|CARBOXYLATES-DEG|CO2-Fixation|Carbohydrates-Biosynthesis|Carbohydrates-Degradation|Degradation|Energy-Metabolism|Fermentation|GLUCONEO-PWY|GLYCOLYSIS|GLYCOLYSIS-E-D|GLYCOLYSIS-TCA-GLYOX-BYPASS|GLYCOLYSIS-VARIANTS|Gluconeogenesis|P23-PWY|P441-PWY|P461-PWY|Reductive-TCA-Cycles|SECONDARY-METABOLITE-DEGRADATION|SUCROSE-DEG|SUGAR-ALCOHOLS-DEG|Sugar-Derivatives|Sugars-And-Polysaccharides|TCA-VARIANTS
rxn00849_c0	=	Cytosol_0	HEFHIGPN_00087	D-Alanine:2-oxoglutarate aminotransferase_c0		0		(1)  cpd00024[c0] + (1)  cpd00117[c0] <=> (1)  cpd00020[c0] + (1)  cpd00186[c0]	(1)  2-Oxoglutarate_c0[c0] + (1)  D-Alanine_c0[c0] <=> (1)  Pyruvate_c0[c0] + (1)  D-Glutamate_c0[c0]	rxn00849	ALATA_D	R01148	D-Alanine metabolism	
rxn00213_c0	=	Cytosol_0	(HEFHIGPN_00375 or HEFHIGPN_00007)	UTP:alpha-D-glucose-1-phosphate uridylyltransferase_c0		1.07		(1)  cpd00062[c0] + (1)  cpd00089[c0] <=> (1)  cpd00012[c0] + (1)  cpd00026[c0]	(1)  UTP_c0[c0] + (1)  Glucose-1-phosphate_c0[c0] <=> (1)  PPi_c0[c0] + (1)  UDP-glucose_c0[c0]	rxn00213	GALU	R00289	Pentose and glucuronate interconversions|Galactose metabolism|Starch and sucrose metabolism|Amino sugar and nucleotide sugar metabolism	Activation-Inactivation-Interconversion|Antibiotic-Biosynthesis|Ascorbate-Biosynthesis|Biosynthesis|CARBO-BIOSYNTHESIS|COLANSYN-PWY|Carbohydrates-Biosynthesis|Carbohydrates-Degradation|Cell-Structure-Biosynthesis|Cofactor-Biosynthesis|Degradation|GALACTOSE-DEGRADATION|GLYCOGEN-BIOSYN|Interconversion|PWY3DJ-35471|Polysaccharides-Biosynthesis|SECONDARY-METABOLITE-BIOSYNTHESIS|SUCROSE-DEG|SUCSYN-PWY|SUGAR-NUCLEOTIDES|Sugars-And-Polysaccharides|Vitamin-Biosynthesis
rxn01013_c0	=	Cytosol_0	HEFHIGPN_00642	D-Glycerate:NADP+ 2-oxidoreductase_c0		6.22		(1)  cpd00006[c0] + (1)  cpd00223[c0] <=> (1)  cpd00005[c0] + (1)  cpd00067[c0] + (1)  cpd00145[c0]	(1)  NADP_c0[c0] + (1)  Glycerate_c0[c0] <=> (1)  NADPH_c0[c0] + (1)  H+_c0[c0] + (1)  Hydroxypyruvate_c0[c0]	rxn01013	HPYRRy	R01392	Glycine, serine and threonine metabolism|Glyoxylate and dicarboxylate metabolism	C1-COMPOUNDS|Degradation|Formaldehyde-Assimilation
rxn00139_c0	<	Cytosol_0	HEFHIGPN_00084	AMP:diphosphate phospho-D-ribosyltransferase_c0		12.54		(1)  cpd00012[c0] + (1)  cpd00018[c0] + (1)  cpd00067[c0] <= (1)  cpd00103[c0] + (1)  cpd00128[c0]	(1)  PPi_c0[c0] + (1)  AMP_c0[c0] + (1)  H+_c0[c0] <= (1)  PRPP_c0[c0] + (1)  Adenine_c0[c0]	rxn00139	ADPT	R00190	Purine metabolism	Adenine-Adenosine-Salvage|Biosynthesis|Metabolic-Clusters|Nucleotide-Biosynthesis|P1-PWY|P121-PWY|PUR-NUC-SYN|PYR-NUC-SYN|Purine-Nucleotides-Salvage
rxn00237_c0	=	Cytosol_0	HEFHIGPN_00895	ATP:GDP phosphotransferase_c0		0		(1)  cpd00002[c0] + (1)  cpd00031[c0] <=> (1)  cpd00008[c0] + (1)  cpd00038[c0]	(1)  ATP_c0[c0] + (1)  GDP_c0[c0] <=> (1)  ADP_c0[c0] + (1)  GTP_c0[c0]	rxn00237	NDPK1	R00330	Purine metabolism	Biosynthesis|DENOVOPURINE2-PWY|Metabolic-Regulators|Nucleotide-Biosynthesis|PPGPPMET-PWY|PRPP-PWY|PUR-NUC-SYN|Purine-Nucleotide-De-Novo-Biosynthesis
rxn03540_c0	=	Cytosol_0	HEFHIGPN_00281	R05225_c0	6.3.5.10	-27.27		(4)  cpd00001[c0] + (4)  cpd00002[c0] + (4)  cpd00053[c0] + (1)  cpd03916[c0] <=> (4)  cpd00008[c0] + (4)  cpd00009[c0] + (4)  cpd00023[c0] + (4)  cpd00067[c0] + (1)  cpd03917[c0]	(4)  H2O_c0[c0] + (4)  ATP_c0[c0] + (4)  L-Glutamine_c0[c0] + (1)  Adenosyl cobyrinate diamide_c0[c0] <=> (4)  ADP_c0[c0] + (4)  Phosphate_c0[c0] + (4)  L-Glutamate_c0[c0] + (4)  H+_c0[c0] + (1)  Adenosylcobyric acid_c0[c0]	rxn03540	ADCOBHEXS	R05225	Porphyrin and chlorophyll metabolism	Adenosylcobalamin-Biosynthesis|Biosynthesis|Cobalamin-Biosynthesis|Cofactor-Biosynthesis|P381-PWY|Vitamin-Biosynthesis
rxn01518_c0	=	Cytosol_0	HEFHIGPN_00065	ATP:deoxyuridine 5'-phosphotransferase_c0		-14.03		(1)  cpd00002[c0] + (1)  cpd00412[c0] <=> (1)  cpd00008[c0] + (1)  cpd00067[c0] + (1)  cpd00299[c0]	(1)  ATP_c0[c0] + (1)  Deoxyuridine_c0[c0] <=> (1)  ADP_c0[c0] + (1)  H+_c0[c0] + (1)  dUMP_c0[c0]	rxn01518	DURIK1	R02099	Pyrimidine metabolism	Biosynthesis|Nucleotide-Biosynthesis|PWY0-181|PYR-NUC-SYN|Pyrimidine-Nucleotide-Salvage
rxn00206_c0	>	Cytosol_0	HEFHIGPN_00494	superoxide:superoxide oxidoreductase_c0		-22.87		(2)  cpd00067[c0] + (2)  cpd00532[c0] => (1)  cpd00007[c0] + (1)  cpd00025[c0]	(2)  H+_c0[c0] + (2)  O2-_c0[c0] => (1)  O2_c0[c0] + (1)  H2O2_c0[c0]	rxn00206	SOD	R00275		Biosynthesis|DETOX1-PWY|Detoxification|Ethylene-Biosynthesis|HORMONE-SYN|Plant-Hormone-Biosynthesis
rxn02916_c0	>	Cytosol_0	Unknown	R04175_c0		-14.94		(1)  cpd02074[c0] => (1)  cpd00001[c0] + (1)  cpd00067[c0] + (1)  cpd00922[c0]	(1)  2-Oxo-6-aminocaproate_c0[c0] => (1)  H2O_c0[c0] + (1)  H+_c0[c0] + (1)  delta1-Piperideine-2-carboxylate_c0[c0]	rxn02916	AOXHEXCYCL	R04175	Tropane, piperidine and pyridine alkaloid biosynthesis	Amino-Acid-Degradation|Degradation|LYSINE-DEG
rxn01300_c0	=	Cytosol_0	(HEFHIGPN_00738 or HEFHIGPN_00740)	ATP:L-homoserine O-phosphotransferase_c0		-14.03		(1)  cpd00002[c0] + (1)  cpd00227[c0] <=> (1)  cpd00008[c0] + (1)  cpd00067[c0] + (1)  cpd00809[c0]	(1)  ATP_c0[c0] + (1)  L-Homoserine_c0[c0] <=> (1)  ADP_c0[c0] + (1)  H+_c0[c0] + (1)  O-Phospho-L-homoserine_c0[c0]	rxn01300	HSK	R01771	Glycine, serine and threonine metabolism	Amino-Acid-Biosynthesis|Biosynthesis|HOMOSER-THRESYN-PWY|IND-AMINO-ACID-SYN|ISOLEUCINE-SYN|METHIONINE-SYN|P4-PWY|PWY0-781|THREONINE-BIOSYNTHESIS|THRESYN-PWY
rxn03012_c0	>	Cytosol_0	Unknown	R04336_c0		-16.74		(1)  cpd02414[c0] => (1)  cpd00001[c0] + (1)  cpd00067[c0] + (1)  cpd02465[c0]	(1)  L-2-Amino-6-oxopimelate_c0[c0] => (1)  H2O_c0[c0] + (1)  H+_c0[c0] + (1)  tetrahydrodipicolinate_c0[c0]	rxn03012		R04336	Lysine biosynthesis	Amino-Acid-Biosynthesis|Biosynthesis|IND-AMINO-ACID-SYN|LYSINE-SYN
rxn10195_c0	=	Cytosol_0	(HEFHIGPN_00911 and Unknown)	Teichoic acid (glucose substituted) export_c0		-4.5		(1)  cpd15662[c0] + (1)  cpd15666[c0] <=> (1)  cpd00067[c0] + (1)  cpd00286[c0] + (1)  cpd15669[c0]	(1)  Prenol-45n teichoic acid-glucose substituted_c0[c0] + (1)  Peptidoglycan polymer (n-1 subunits) _c0[c0] <=> (1)  H+_c0[c0] + (1)  Undecaprenylphosphate_c0[c0] + (1)  glycerol teichoic acid (n=45) , linked, glucose substituted_c0[c0]	rxn10195				
rxn00838_c0	>	Cytosol_0	HEFHIGPN_00261	IMP:L-aspartate ligase (GDP-forming)_c0		-2.59		(1)  cpd00038[c0] + (1)  cpd00041[c0] + (1)  cpd00114[c0] => (1)  cpd00009[c0] + (1)  cpd00031[c0] + (2)  cpd00067[c0] + (1)  cpd02375[c0]	(1)  GTP_c0[c0] + (1)  L-Aspartate_c0[c0] + (1)  IMP_c0[c0] => (1)  Phosphate_c0[c0] + (1)  GDP_c0[c0] + (2)  H+_c0[c0] + (1)  Adenylosuccinate_c0[c0]	rxn00838	ADE12	R01135	Purine metabolism|Alanine, aspartate and glutamate metabolism	Biosynthesis|DENOVOPURINE2-PWY|Nucleotide-Biosynthesis|PRPP-PWY|PUR-NUC-SYN|Purine-Nucleotide-De-Novo-Biosynthesis
rxn00512_c0	=	Cytosol_0	(Unknown and HEFHIGPN_00642)	Glycolate:NAD+ oxidoreductase_c0		7.68		(1)  cpd00003[c0] + (1)  cpd00139[c0] <=> (1)  cpd00004[c0] + (1)  cpd00040[c0] + (1)  cpd00067[c0]	(1)  NAD_c0[c0] + (1)  Glycolate_c0[c0] <=> (1)  NADH_c0[c0] + (1)  Glyoxalate_c0[c0] + (1)  H+_c0[c0]	rxn00512	GLYCLTDx	R00717	Glyoxylate and dicarboxylate metabolism	
rxn00214_c0	=	Cytosol_0	(HEFHIGPN_00416 or HEFHIGPN_00782 or HEFHIGPN_00450)	UDP-glucose 4-epimerase_c0		0		(1)  cpd00026[c0] <=> (1)  cpd00043[c0]	(1)  UDP-glucose_c0[c0] <=> (1)  UDP-galactose_c0[c0]	rxn00214	GAL10	R00291	Galactose metabolism|Amino sugar and nucleotide sugar metabolism	Activation-Inactivation-Interconversion|Biosynthesis|CARBO-BIOSYNTHESIS|COLANSYN-PWY|Carbohydrates-Biosynthesis|Carbohydrates-Degradation|Cell-Structure-Biosynthesis|Cell-Wall-Biosynthesis|Degradation|GALACTOSE-DEGRADATION|Interconversion|SUGAR-NUCLEOTIDES|Sugars-And-Polysaccharides
rxn13782_c0	>	Cytosol_0	(Unknown and Unknown and Unknown and Unknown and HEFHIGPN_00030 and Unknown and Unknown and Unknown and Unknown and Unknown and Unknown and Unknown and Unknown and Unknown and Unknown and Unknown and Unknown and Unknown and Unknown and Unknown and Unknown and Unknown and Unknown and Unknown and Unknown and Unknown and Unknown and Unknown and Unknown and Unknown and Unknown and Unknown and Unknown and Unknown and Unknown and Unknown and Unknown and Unknown and Unknown and Unknown and Unknown and Unknown and Unknown and Unknown and Unknown and Unknown and Unknown and Unknown and Unknown and Unknown and Unknown and Unknown and Unknown and Unknown and Unknown and Unknown and Unknown and Unknown and Unknown and Unknown and Unknown and Unknown and Unknown and Unknown and Unknown and Unknown and Unknown and Unknown and Unknown and Unknown and Unknown and Unknown and Unknown and Unknown and Unknown and Unknown and Unknown)	Protein biosynthesis_c0				 => (1)  cpd17041[c0]	 => (1)  Protein biosynthesis_c0[c0]	rxn13782				
rxn01509_c0	=	Cytosol_0	HEFHIGPN_00633	ATP:dGMP phosphotransferase_c0		9.53		(1)  cpd00002[c0] + (1)  cpd00067[c0] + (1)  cpd00296[c0] <=> (1)  cpd00008[c0] + (1)  cpd00295[c0]	(1)  ATP_c0[c0] + (1)  H+_c0[c0] + (1)  dGMP_c0[c0] <=> (1)  ADP_c0[c0] + (1)  dGDP_c0[c0]	rxn01509	DGK1	R02090	Purine metabolism	
rxn01544_c0	<	Cytosol_0	HEFHIGPN_00800	XMP:pyrophosphate phosphoribosyltransferase_c0		12.54		(1)  cpd00012[c0] + (1)  cpd00067[c0] + (1)  cpd00497[c0] <= (1)  cpd00103[c0] + (1)  cpd00309[c0]	(1)  PPi_c0[c0] + (1)  H+_c0[c0] + (1)  XMP_c0[c0] <= (1)  PRPP_c0[c0] + (1)  XAN_c0[c0]	rxn01544	XPPT	R02142	Purine metabolism	Biosynthesis|Nucleotide-Biosynthesis|PUR-NUC-SYN|Purine-Nucleotides-Salvage|SALVPURINE2-PWY
rxn00986_c0	<	Cytosol_0	HEFHIGPN_00238	ATP:propanoate adenylyltransferase_c0		-11.13		(1)  cpd00002[c0] + (1)  cpd00141[c0] <= (1)  cpd00012[c0] + (1)  cpd03560[c0]	(1)  ATP_c0[c0] + (1)  Propionate_c0[c0] <= (1)  PPi_c0[c0] + (1)  Propionyladenylate_c0[c0]	rxn00986		R01354	Propanoate metabolism	
rxn00018_c0	=	Cytosol_0	HEFHIGPN_00620	3-phospho-D-glycerate carboxy-lyase (dimerizing; D-ribulose-1,5-bisphosphate-forming)_c0		-7.91		(1)  cpd00001[c0] + (1)  cpd00011[c0] + (1)  cpd00871[c0] <=> (2)  cpd00067[c0] + (2)  cpd00169[c0]	(1)  H2O_c0[c0] + (1)  CO2_c0[c0] + (1)  D-Ribulose 1,5-bisphosphate_c0[c0] <=> (2)  H+_c0[c0] + (2)  3-Phosphoglycerate_c0[c0]	rxn00018	RBPC	R00024	Carbon fixation in photosynthetic organisms	Adenosine-Nucleotides-Degradation|Autotrophic-CO2-Fixation|Biosynthesis|C1-COMPOUNDS|CALVIN-PWY|CARBO-BIOSYNTHESIS|CO2-Fixation|Carbohydrates-Biosynthesis|Degradation|Energy-Metabolism|NUCLEO-DEG|PHOTOALL-PWY|Photosynthesis|Purine-Degradation
rxn01678_c0	=	Cytosol_0	HEFHIGPN_00895	ATP:dUDP phosphotransferase_c0		0		(1)  cpd00002[c0] + (1)  cpd00978[c0] <=> (1)  cpd00008[c0] + (1)  cpd00358[c0]	(1)  ATP_c0[c0] + (1)  dUDP_c0[c0] <=> (1)  ADP_c0[c0] + (1)  dUTP_c0[c0]	rxn01678	NDPK6	R02331	Pyrimidine metabolism	Biosynthesis|Nucleotide-Biosynthesis|PWY0-166|PYR-NUC-SYN|Pyrimid-Deoxyribonucleot-De-Novo-Biosyn
rxn01106_c0	=	Cytosol_0	HEFHIGPN_00240	2-Phospho-D-glycerate 2,3-phosphomutase_c0		0		(1)  cpd00482[c0] <=> (1)  cpd00169[c0]	(1)  2-Phospho-D-glycerate_c0[c0] <=> (1)  3-Phosphoglycerate_c0[c0]	rxn01106	GPM1_2	R01518	Glycolysis / Gluconeogenesis|Glycine, serine and threonine metabolism|Methane metabolism	ANAEROFRUCAT-PWY|ANAGLYCOLYSIS-PWY|Biosynthesis|C1-COMPOUNDS|CARBO-BIOSYNTHESIS|CARBOXYLATES-DEG|Carbohydrates-Biosynthesis|Carbohydrates-Degradation|Degradation|Energy-Metabolism|Fermentation|Formaldehyde-Assimilation|GLUCONEO-PWY|GLYCOLYSIS|GLYCOLYSIS-E-D|GLYCOLYSIS-TCA-GLYOX-BYPASS|GLYCOLYSIS-VARIANTS|Gluconeogenesis|P122-PWY|P124-PWY|P341-PWY|P441-PWY|P461-PWY|SECONDARY-METABOLITE-DEGRADATION|SUCROSE-DEG|SUGAR-ALCOHOLS-DEG|Sugar-Derivatives|Sugars-And-Polysaccharides|TCA-VARIANTS|Xylose-Degradation
rxn00412_c0	>	Cytosol_0	HEFHIGPN_00264	UTP:L-glutamine amido-ligase (ADP-forming)_c0		-6.4		(1)  cpd00001[c0] + (1)  cpd00002[c0] + (1)  cpd00053[c0] + (1)  cpd00062[c0] => (1)  cpd00008[c0] + (1)  cpd00009[c0] + (1)  cpd00023[c0] + (1)  cpd00052[c0] + (2)  cpd00067[c0]	(1)  H2O_c0[c0] + (1)  ATP_c0[c0] + (1)  L-Glutamine_c0[c0] + (1)  UTP_c0[c0] => (1)  ADP_c0[c0] + (1)  Phosphate_c0[c0] + (1)  L-Glutamate_c0[c0] + (1)  CTP_c0[c0] + (2)  H+_c0[c0]	rxn00412	CTPS2	R00573	Pyrimidine metabolism	Biosynthesis|Nucleotide-Biosynthesis|PRPP-PWY|PWY0-162|PYR-NUC-SYN|Pyrimidine-De-Novo-Biosyn
rxn00515_c0	=	Cytosol_0	HEFHIGPN_00895	ATP:IDP phosphotransferase_c0		0		(1)  cpd00002[c0] + (1)  cpd00090[c0] <=> (1)  cpd00008[c0] + (1)  cpd00068[c0]	(1)  ATP_c0[c0] + (1)  IDP_c0[c0] <=> (1)  ADP_c0[c0] + (1)  ITP_c0[c0]	rxn00515	NDPK9	R00722	Purine metabolism	
rxn01353_c0	=	Cytosol_0	HEFHIGPN_00895	ATP:dGDP phosphotransferase_c0		0		(1)  cpd00002[c0] + (1)  cpd00295[c0] <=> (1)  cpd00008[c0] + (1)  cpd00241[c0]	(1)  ATP_c0[c0] + (1)  dGDP_c0[c0] <=> (1)  ADP_c0[c0] + (1)  dGTP_c0[c0]	rxn01353	NDPK5	R01857	Purine metabolism	Biosynthesis|DENOVOPURINE2-PWY|Nucleotide-Biosynthesis|PRPP-PWY|PUR-NUC-SYN|Purine-Nucleotide-De-Novo-Biosynthesis
rxn10571_c0	>	Cytosol_0	Unknown	Mg2+-importing ATPase_c0		-6.82		(1)  cpd00001[c0] + (1)  cpd00002[c0] + (1)  cpd00254[e0] => (1)  cpd00008[c0] + (1)  cpd00009[c0] + (1)  cpd00067[c0] + (1)  cpd00254[c0]	(1)  H2O_c0[c0] + (1)  ATP_c0[c0] + (1)  Mg_e0[e0] => (1)  ADP_c0[c0] + (1)  Phosphate_c0[c0] + (1)  H+_c0[c0] + (1)  Mg_c0[c0]	rxn10571	MG2abc			
rxn10042_c0	=	Cytosol_0	(Unknown and HEFHIGPN_00266 and Unknown and Unknown and Unknown and Unknown and Unknown and HEFHIGPN_00268 and Unknown)	F(1)-ATPase_c0		-6.82		(1)  cpd00008[c0] + (1)  cpd00009[c0] + (4)  cpd00067[e0] <=> (1)  cpd00001[c0] + (1)  cpd00002[c0] + (3)  cpd00067[c0]	(1)  ADP_c0[c0] + (1)  Phosphate_c0[c0] + (4)  H+_e0[e0] <=> (1)  H2O_c0[c0] + (1)  ATP_c0[c0] + (3)  H+_c0[c0]	rxn10042	ATPS4r			Biosynthesis|DENOVOPURINE2-PWY|Nucleotide-Biosynthesis|PRPP-PWY|PUR-NUC-SYN|Purine-Nucleotide-De-Novo-Biosynthesis
rxn09996_c0	=	Cytosol_0	(HEFHIGPN_00437 and Unknown and Unknown and Unknown and Unknown and Unknown)	teichuronic acid (n=45), unlinked, GalNAc-GlcA repeated_c0				(45)  cpd00144[c0] + (45)  cpd00175[c0] <=> (45)  cpd00014[c0] + (45)  cpd00091[c0] + (1)  cpd15634[c0]	(45)  UDPglucuronate_c0[c0] + (45)  UDP-N-acetyl-D-galactosamine_c0[c0] <=> (45)  UDP_c0[c0] + (45)  UMP_c0[c0] + (1)  teichuronic acid (GlcA+GalNac, 45 repeating unit) _c0[c0]	rxn09996				
rxn00283_c0	=	Cytosol_0	HEFHIGPN_00524	alanine racemase_c0		0		(1)  cpd00035[c0] <=> (1)  cpd00117[c0]	(1)  L-Alanine_c0[c0] <=> (1)  D-Alanine_c0[c0]	rxn00283	ALAR	R00401	D-Alanine metabolism	ALADEG-PWY|ALANINE-DEG|ALANINE-SYN|ALANINE-VALINESYN-PWY|Amino-Acid-Biosynthesis|Amino-Acid-Degradation|Biosynthesis|Degradation|IND-AMINO-ACID-SYN|PWY0-1061
rxn02155_c0	=	Cytosol_0	HEFHIGPN_00720	ATP:nicotinamide-nucleotide adenylyltransferase_c0		1.07		(1)  cpd00002[c0] + (1)  cpd00873[c0] <=> (1)  cpd00012[c0] + (1)  cpd00638[c0]	(1)  ATP_c0[c0] + (1)  Nicotinate ribonucleotide_c0[c0] <=> (1)  PPi_c0[c0] + (1)  Deamido-NAD_c0[c0]	rxn02155	NNAT	R03005	Nicotinate and nicotinamide metabolism	Biosynthesis|Cofactor-Biosynthesis|NAD-Metabolism|NAD-SYN|NADSYN-PWY|PWY0-781|PYRIDNUCSAL-PWY|PYRIDNUCSYN-PWY
rxn00675_c0	>	Cytosol_0	HEFHIGPN_00238	Propionyladenylate:CoA propionyltransferase_c0		-10.42		(1)  cpd00010[c0] + (1)  cpd03560[c0] => (1)  cpd00018[c0] + (1)  cpd00067[c0] + (1)  cpd00086[c0]	(1)  CoA_c0[c0] + (1)  Propionyladenylate_c0[c0] => (1)  AMP_c0[c0] + (1)  H+_c0[c0] + (1)  Propionyl-CoA_c0[c0]	rxn00675		R00926	Propanoate metabolism	
rxn04132_c0	>	Cytosol_0	Unknown	R06063_c0		-34.57		(1)  cpd00001[c0] + (1)  cpd08625[c0] => (1)  cpd00011[c0] + (1)  cpd00067[c0] + (1)  cpd01567[c0]	(1)  H2O_c0[c0] + (1)  5-Hydroxyisourate_c0[c0] => (1)  CO2_c0[c0] + (1)  H+_c0[c0] + (1)  (R) -Allantoin_c0[c0]	rxn04132		R06063		
rxn00410_c0	=	Cytosol_0	HEFHIGPN_00264	UTP:ammonia ligase (ADP-forming)_c0		-1.67		(1)  cpd00002[c0] + (1)  cpd00013[c0] + (1)  cpd00062[c0] <=> (1)  cpd00008[c0] + (1)  cpd00009[c0] + (1)  cpd00052[c0] + (2)  cpd00067[c0]	(1)  ATP_c0[c0] + (1)  NH3_c0[c0] + (1)  UTP_c0[c0] <=> (1)  ADP_c0[c0] + (1)  Phosphate_c0[c0] + (1)  CTP_c0[c0] + (2)  H+_c0[c0]	rxn00410	URA7_2	R00571	Pyrimidine metabolism	
rxn03933_c0	=	Cytosol_0	HEFHIGPN_00319	UDP-N-acetyl-D-glucosamine:N-acetyl-alpha-D-muramyl(oyl-L-Ala-gamma-D-Glu-L-Lys-D-Ala-D-Ala)-diphosphoundecaprenol 4-beta-N-acetylglucosaminlytransferase_c0		-1.7		(1)  cpd00037[c0] + (1)  cpd02948[c0] <=> (1)  cpd00014[c0] + (1)  cpd03491[c0]	(1)  UDP-N-acetylglucosamine_c0[c0] + (1)  MurAc(oyl-L-Ala-D-gamma-Glu-L-Lys-D-Ala-D-Ala) -diphospho- undecaprenol_c0[c0] <=> (1)  UDP_c0[c0] + (1)  Undecaprenyl-diphospho-N-acetylmuramoyl-(N-acetylglucosamine) -L-alanyl-gamma-D-glutamyl-L-lysyl-D-alanyl-D-alanine_c0[c0]	rxn03933	UAGPT2	R05662	Peptidoglycan biosynthesis	
rxn01977_c0	=	Cytosol_0	HEFHIGPN_00243	alpha-D-Glucose 6-phosphate ketol-isomerase_c0		0		(1)  cpd00079[c0] <=> (1)  cpd00863[c0]	(1)  D-glucose-6-phosphate_c0[c0] <=> (1)  beta-D-Glucose 6-phosphate_c0[c0]	rxn01977		R02739	Glycolysis / Gluconeogenesis|Pentose phosphate pathway	Antibiotic-Biosynthesis|Biosynthesis|CARBO-BIOSYNTHESIS|Carbohydrates-Biosynthesis|Carbohydrates-Degradation|Degradation|GLUCOSE1PMETAB-PWY|GLYCOGEN-BIOSYN|POLYSACCHARIDES-DEG|Polymer-Degradation|Polysaccharides-Biosynthesis|SECONDARY-METABOLITE-BIOSYNTHESIS|SUCROSE-DEG|SUCSYN-PWY|SUGAR-NUCLEOTIDES|Starch-Degradation|Sugars-And-Polysaccharides|Trehalose-Degradation
rxn02285_c0	=	Cytosol_0	HEFHIGPN_00331	UDP-N-acetylmuramate:NADP+ oxidoreductase_c0		15.33		(1)  cpd00006[c0] + (1)  cpd00773[c0] <=> (1)  cpd00005[c0] + (1)  cpd00067[c0] + (1)  cpd02820[c0]	(1)  NADP_c0[c0] + (1)  UDP-MurNAc_c0[c0] <=> (1)  NADPH_c0[c0] + (1)  H+_c0[c0] + (1)  UDP-N-acetylglucosamine enolpyruvate_c0[c0]	rxn02285	UAPGR	R03192	Amino sugar and nucleotide sugar metabolism|Peptidoglycan biosynthesis	Acetylmuramoyl-Pentapeptide-Biosynthesis|Antibiotic-Resistance|Biosynthesis|Cell-Structure-Biosynthesis|Cell-Wall-Biosynthesis|Detoxification|PEPTIDOGLYCANSYN-PWY|Peptidoglycan-Biosynthesis
rxn10194_c0	=	Cytosol_0	(Unknown and HEFHIGPN_00911)	Teichoic acid (unsubstituted) export_c0		-4.5		(1)  cpd15661[c0] + (1)  cpd15666[c0] <=> (1)  cpd00067[c0] + (1)  cpd00286[c0] + (1)  cpd15667[c0]	(1)  Prenol-45n teichoic acid_c0[c0] + (1)  Peptidoglycan polymer (n-1 subunits) _c0[c0] <=> (1)  H+_c0[c0] + (1)  Undecaprenylphosphate_c0[c0] + (1)  glycerol teichoic acid (n=45) , linked, unsubstituted_c0[c0]	rxn10194				
rxn00459_c0	=	Cytosol_0	HEFHIGPN_00241	2-phospho-D-glycerate hydro-lyase (phosphoenolpyruvate-forming)_c0		-0.87		(1)  cpd00482[c0] <=> (1)  cpd00001[c0] + (1)  cpd00061[c0]	(1)  2-Phospho-D-glycerate_c0[c0] <=> (1)  H2O_c0[c0] + (1)  Phosphoenolpyruvate_c0[c0]	rxn00459	ENO	R00658	Glycolysis / Gluconeogenesis|Methane metabolism	ANAEROBIC-RESPIRATION|ANAEROFRUCAT-PWY|ANAGLYCOLYSIS-PWY|ANARESP1-PWY|Biosynthesis|C1-COMPOUNDS|CARBO-BIOSYNTHESIS|CARBOXYLATES-DEG|Carbohydrates-Biosynthesis|Carbohydrates-Degradation|Degradation|Energy-Metabolism|Fermentation|Formaldehyde-Assimilation|GLUCONEO-PWY|GLYCOLYSIS|GLYCOLYSIS-E-D|GLYCOLYSIS-TCA-GLYOX-BYPASS|GLYCOLYSIS-VARIANTS|Gluconeogenesis|NPGLUCAT-PWY|P122-PWY|P124-PWY|P341-PWY|P441-PWY|P461-PWY|Respiration|SECONDARY-METABOLITE-DEGRADATION|SUCROSE-DEG|SUGAR-ALCOHOLS-DEG|Sugar-Derivatives|Sugars-And-Polysaccharides|TCA-VARIANTS|Xylose-Degradation
rxn00770_c0	=	Cytosol_0	HEFHIGPN_00088	ATP:D-ribose-5-phosphate diphosphotransferase_c0		-14.03		(1)  cpd00002[c0] + (1)  cpd00101[c0] <=> (1)  cpd00018[c0] + (1)  cpd00067[c0] + (1)  cpd00103[c0]	(1)  ATP_c0[c0] + (1)  ribose-5-phosphate_c0[c0] <=> (1)  AMP_c0[c0] + (1)  H+_c0[c0] + (1)  PRPP_c0[c0]	rxn00770		R01049	Pentose phosphate pathway|Purine metabolism	Biosynthesis|Cell-Structure-Biosynthesis|Cell-Wall-Biosynthesis|Other-biosynthesis|PRPP-Biosynthesis|PRPP-PWY|PWY0-662
rxn05195_c0	>	Cytosol_0	Unknown	ATP phosphohydrolase (ferric-ion-transporting)_c0		-6.82		(1)  cpd00001[c0] + (1)  cpd00002[c0] + (1)  cpd10516[e0] => (1)  cpd00008[c0] + (1)  cpd00009[c0] + (1)  cpd00067[c0] + (1)  cpd10516[c0]	(1)  H2O_c0[c0] + (1)  ATP_c0[c0] + (1)  fe3_e0[e0] => (1)  ADP_c0[c0] + (1)  Phosphate_c0[c0] + (1)  H+_c0[c0] + (1)  fe3_c0[c0]	rxn05195	FE3abc			
rxn00175_c0	=	Cytosol_0	HEFHIGPN_00238	Acetate:CoA ligase (AMP-forming)_c0		-20.01		(1)  cpd00002[c0] + (1)  cpd00010[c0] + (1)  cpd00029[c0] <=> (1)  cpd00012[c0] + (1)  cpd00018[c0] + (1)  cpd00022[c0] + (1)  cpd00067[c0]	(1)  ATP_c0[c0] + (1)  CoA_c0[c0] + (1)  Acetate_c0[c0] <=> (1)  PPi_c0[c0] + (1)  AMP_c0[c0] + (1)  Acetyl-CoA_c0[c0] + (1)  H+_c0[c0]	rxn00175	ACS	R00235	Glycolysis / Gluconeogenesis|Methane metabolism|Carbon fixation pathways in prokaryotes	ACETATEUTIL-PWY|Alcohol-Degradation|Amino-Acid-Degradation|CARBOXYLATES-DEG|Degradation|Ethanol-Degradation|GLUDEG-II-PWY|GLUTAMATE-DEG|PWY0-1313|PWY66-161|PWY66-162|PWY66-21|SECONDARY-METABOLITE-DEGRADATION|TERPENOID-DEG
rxn01366_c0	=	Cytosol_0	HEFHIGPN_00619	Uridine:phosphate alpha-D-ribosyltransferase_c0		-7.95		(1)  cpd00009[c0] + (1)  cpd00249[c0] <=> (1)  cpd00092[c0] + (1)  cpd00475[c0]	(1)  Phosphate_c0[c0] + (1)  Uridine_c0[c0] <=> (1)  Uracil_c0[c0] + (1)  Ribose 1-phosphate_c0[c0]	rxn01366	PYNP2	R01876	Pyrimidine metabolism	Biosynthesis|Degradation|NUCLEO-DEG|Nucleotide-Biosynthesis|PWY0-1295|PWY0-163|PYR-NUC-SYN|Pyrimidine-Degradation|Pyrimidine-Nucleotide-Salvage|Pyrimidine-Ribonucleosides-Degradation
rxn01143_c0	=	Cytosol_0	HEFHIGPN_00065	ATP:thymidine 5'-phosphotransferase_c0		-14.03		(1)  cpd00002[c0] + (1)  cpd00184[c0] <=> (1)  cpd00008[c0] + (1)  cpd00067[c0] + (1)  cpd00298[c0]	(1)  ATP_c0[c0] + (1)  Thymidine_c0[c0] <=> (1)  ADP_c0[c0] + (1)  H+_c0[c0] + (1)  dTMP_c0[c0]	rxn01143	TMDK1	R01567	Pyrimidine metabolism	Biosynthesis|Metabolic-Clusters|Nucleotide-Biosynthesis|P1-PWY|PUR-NUC-SYN|PWY0-181|PYR-NUC-SYN|Purine-Nucleotides-Salvage|Pyrimidine-Nucleotide-Salvage
rxn00461_c0	=	Cytosol_0	HEFHIGPN_00330	Phosphoenolpyruvate:UDP-N-acetyl-D-glucosamine 1-carboxyvinyl-transferase_c0	2.5.1.7	10.33		(1)  cpd00037[c0] + (1)  cpd00061[c0] <=> (1)  cpd00009[c0] + (1)  cpd02820[c0]	(1)  UDP-N-acetylglucosamine_c0[c0] + (1)  Phosphoenolpyruvate_c0[c0] <=> (1)  Phosphate_c0[c0] + (1)  UDP-N-acetylglucosamine enolpyruvate_c0[c0]	rxn00461	UAGCVT	R00660	Amino sugar and nucleotide sugar metabolism|Peptidoglycan biosynthesis	Acetylmuramoyl-Pentapeptide-Biosynthesis|Antibiotic-Resistance|Biosynthesis|Cell-Structure-Biosynthesis|Cell-Wall-Biosynthesis|Detoxification|PEPTIDOGLYCANSYN-PWY|Peptidoglycan-Biosynthesis
rxn00669_c0	=	Cytosol_0	(HEFHIGPN_00238 and Unknown)	Propanoate:CoA ligase (ADP-forming)_c0		-1.06		(1)  cpd00002[c0] + (1)  cpd00010[c0] + (1)  cpd00141[c0] <=> (1)  cpd00008[c0] + (1)  cpd00009[c0] + (1)  cpd00086[c0]	(1)  ATP_c0[c0] + (1)  CoA_c0[c0] + (1)  Propionate_c0[c0] <=> (1)  ADP_c0[c0] + (1)  Phosphate_c0[c0] + (1)  Propionyl-CoA_c0[c0]	rxn00669	ACCOAL	R00920	Propanoate metabolism	
rxn03136_c0	=	Cytosol_0	HEFHIGPN_00262	1-(5'-Phosphoribosyl)-5-amino-4-(N-succinocarboxamide)-imidazole AMP-lyase_c0		7.34		(1)  cpd02921[c0] <=> (1)  cpd00067[c0] + (1)  cpd00106[c0] + (1)  cpd02851[c0]	(1)  SAICAR_c0[c0] <=> (1)  H+_c0[c0] + (1)  Fumarate_c0[c0] + (1)  AICAR_c0[c0]	rxn03136	ADE13_1	R04559	Purine metabolism	
rxn01437_c0	=	Cytosol_0	HEFHIGPN_00367	N-Formyl-L-kynurenine amidohydrolase_c0		-0.5		(1)  cpd00001[c0] + (1)  cpd01749[c0] <=> (1)  cpd00047[c0] + (1)  cpd00067[c0] + (1)  cpd00275[c0]	(1)  H2O_c0[c0] + (1)  N-Formylkynurenine_c0[c0] <=> (1)  Formate_c0[c0] + (1)  H+_c0[c0] + (1)  L-Kynurenine_c0[c0]	rxn01437	FKYNH	R01959	Tryptophan metabolism|Glyoxylate and dicarboxylate metabolism	
rxn01517_c0	=	Cytosol_0	HEFHIGPN_00837	ATP:dUMP phosphotransferase_c0		9.53		(1)  cpd00002[c0] + (1)  cpd00067[c0] + (1)  cpd00299[c0] <=> (1)  cpd00008[c0] + (1)  cpd00978[c0]	(1)  ATP_c0[c0] + (1)  H+_c0[c0] + (1)  dUMP_c0[c0] <=> (1)  ADP_c0[c0] + (1)  dUDP_c0[c0]	rxn01517	URA6_3	R02098	Pyrimidine metabolism	
rxn01512_c0	=	Cytosol_0	HEFHIGPN_00895	ATP:dTDP phosphotransferase_c0		0		(1)  cpd00002[c0] + (1)  cpd00297[c0] <=> (1)  cpd00008[c0] + (1)  cpd00357[c0]	(1)  ATP_c0[c0] + (1)  dTDP_c0[c0] <=> (1)  ADP_c0[c0] + (1)  TTP_c0[c0]	rxn01512	NDPK4	R02093	Pyrimidine metabolism	Biosynthesis|Nucleotide-Biosynthesis|PWY0-166|PYR-NUC-SYN|Pyrimid-Deoxyribonucleot-De-Novo-Biosyn
rxn00980_c0	>	Cytosol_0	HEFHIGPN_00063	2-Phosphoglycolate phosphohydrolase_c0		7.21		(1)  cpd00001[c0] + (1)  cpd00727[c0] => (1)  cpd00009[c0] + (1)  cpd00139[c0]	(1)  H2O_c0[c0] + (1)  2-Phosphoglycolate_c0[c0] => (1)  Phosphate_c0[c0] + (1)  Glycolate_c0[c0]	rxn00980	PGLYCP	R01334	Glyoxylate and dicarboxylate metabolism	Energy-Metabolism|Photosynthesis
rxn01648_c0	=	Cytosol_0	HEFHIGPN_00619	Cytidine:orthophosphate alpha-D-ribosyltransferase_c0		-7.95		(1)  cpd00009[c0] + (1)  cpd00367[c0] <=> (1)  cpd00307[c0] + (1)  cpd00475[c0]	(1)  Phosphate_c0[c0] + (1)  Cytidine_c0[c0] <=> (1)  Cytosine_c0[c0] + (1)  Ribose 1-phosphate_c0[c0]	rxn01648	PYNP1	R02296	Pyrimidine metabolism	
rxn01127_c0	=	Cytosol_0	(HEFHIGPN_00558 or HEFHIGPN_00560)	ATP:dAMP phosphotransferase_c0	2.7.4.11	9.53		(1)  cpd00002[c0] + (1)  cpd00067[c0] + (1)  cpd00294[c0] <=> (1)  cpd00008[c0] + (1)  cpd00177[c0]	(1)  ATP_c0[c0] + (1)  H+_c0[c0] + (1)  dAMP_c0[c0] <=> (1)  ADP_c0[c0] + (1)  dADP_c0[c0]	rxn01127	DADK	R01547	Purine metabolism	
rxn00834_c0	=	Cytosol_0	(HEFHIGPN_00263 or HEFHIGPN_00795)	IMP:NAD+ oxidoreductase_c0		1.58		(1)  cpd00001[c0] + (1)  cpd00003[c0] + (1)  cpd00114[c0] <=> (1)  cpd00004[c0] + (1)  cpd00067[c0] + (1)  cpd00497[c0]	(1)  H2O_c0[c0] + (1)  NAD_c0[c0] + (1)  IMP_c0[c0] <=> (1)  NADH_c0[c0] + (1)  H+_c0[c0] + (1)  XMP_c0[c0]	rxn00834	FUN63	R01130	Purine metabolism	AROMATIC-COMPOUNDS-DEGRADATION|Adenosine-Nucleotides-Degradation|Biosynthesis|DENOVOPURINE2-PWY|Degradation|NUCLEO-DEG|Nucleotide-Biosynthesis|P165-PWY|PRPP-PWY|PUR-NUC-SYN|Polyamine-Biosynthesis|Purine-Degradation|Purine-Nucleotide-De-Novo-Biosynthesis|URSIN-PWY|Urate-Degradation
rxn02322_c0	=	Cytosol_0	HEFHIGPN_00739	ATP:(R)-5-phosphomevalonate phosphotransferase_c0		9.53		(1)  cpd00002[c0] + (1)  cpd00067[c0] + (1)  cpd00812[c0] <=> (1)  cpd00008[c0] + (1)  cpd00841[c0]	(1)  ATP_c0[c0] + (1)  H+_c0[c0] + (1)  5-phosphomevalonate_c0[c0] <=> (1)  ADP_c0[c0] + (1)  5-diphosphomevalonate_c0[c0]	rxn02322	ERG8	R03245	Terpenoid backbone biosynthesis	Biosynthesis|Cofactor-Biosynthesis|DITERPENOID-SYN|ERGOSTEROL-SYN-PWY|GGPP-Biosynthesis|ISOPRENOIDS|Lipid-Biosynthesis|PWY66-5|Polyprenyl-Biosynthesis|SECONDARY-METABOLITE-BIOSYNTHESIS|Sterol-Biosynthesis|Terpenoid-Biosynthesis
rxn00785_c0	=	Cytosol_0	HEFHIGPN_00781	D-Fructose 6-phosphate:D-glyceraldehyde-3-phosphate glycolaldehyde transferase_c0		1.75		(1)  cpd00072[c0] + (1)  cpd00102[c0] <=> (1)  cpd00198[c0] + (1)  cpd00236[c0]	(1)  D-fructose-6-phosphate_c0[c0] + (1)  Glyceraldehyde3-phosphate_c0[c0] <=> (1)  D-Xylulose5-phosphate_c0[c0] + (1)  D-Erythrose4-phosphate_c0[c0]	rxn00785	TKT2	R01067	Carbon fixation in photosynthetic organisms	
rxn00355_c0	=	Cytosol_0	HEFHIGPN_00939	UTP:alpha-D-galactose-1-phosphate uridylyltransferase_c0		1.07		(1)  cpd00062[c0] + (1)  cpd00348[c0] <=> (1)  cpd00012[c0] + (1)  cpd00043[c0]	(1)  UTP_c0[c0] + (1)  D-Galactose 1-phosphate_c0[c0] <=> (1)  PPi_c0[c0] + (1)  UDP-galactose_c0[c0]	rxn00355	GAL7_1	R00502	Galactose metabolism|Amino sugar and nucleotide sugar metabolism	Activation-Inactivation-Interconversion|Biosynthesis|CARBO-BIOSYNTHESIS|Carbohydrates-Biosynthesis|Carbohydrates-Degradation|Degradation|GALACTOSE-DEGRADATION|Interconversion|SUGAR-NUCLEOTIDES|Sugars-And-Polysaccharides
rxn00558_c0	=	Cytosol_0	HEFHIGPN_00243	D-glucose-6-phosphate aldose-ketose-isomerase_c0		-0.89		(1)  cpd00079[c0] <=> (1)  cpd00072[c0]	(1)  D-glucose-6-phosphate_c0[c0] <=> (1)  D-fructose-6-phosphate_c0[c0]	rxn00558	PGI	R00771		
rxn00134_c0	=	Cytosol_0	HEFHIGPN_00085	ATP:adenosine 5'-phosphotransferase_c0		-14.03		(1)  cpd00002[c0] + (1)  cpd00182[c0] <=> (1)  cpd00008[c0] + (1)  cpd00018[c0] + (1)  cpd00067[c0]	(1)  ATP_c0[c0] + (1)  Adenosine_c0[c0] <=> (1)  ADP_c0[c0] + (1)  AMP_c0[c0] + (1)  H+_c0[c0]	rxn00134	ADNK1	R00185	Purine metabolism	Adenine-Adenosine-Salvage|Biosynthesis|Nucleotide-Biosynthesis|PUR-NUC-SYN|Purine-Nucleotides-Salvage
rxn00141_c0	=	Cytosol_0	HEFHIGPN_00086	S-Adenosyl-L-homocysteine hydrolase_c0		5.67		(1)  cpd00001[c0] + (1)  cpd00019[c0] <=> (1)  cpd00135[c0] + (1)  cpd00182[c0]	(1)  H2O_c0[c0] + (1)  S-Adenosyl-homocysteine_c0[c0] <=> (1)  Homocysteine_c0[c0] + (1)  Adenosine_c0[c0]	rxn00141	AHC	R00192	Cysteine and methionine metabolism	Amino-Acid-Biosynthesis|Amino-Acid-Degradation|Biosynthesis|CYSTEINE-SYN|Degradation|IND-AMINO-ACID-SYN|METHIONINE-DEG|METHIONINE-DEG1-PWY|METHIONINE-SYN|S-adenosyl-L-methionine-cycle
rxn02003_c0	=	Cytosol_0	HEFHIGPN_00453	dTDP-6-deoxy-L-mannose:NADP+ 4-oxidoreductase_c0		2.3		(1)  cpd00006[c0] + (1)  cpd02113[c0] <=> (1)  cpd00005[c0] + (1)  cpd00067[c0] + (1)  cpd00522[c0]	(1)  NADP_c0[c0] + (1)  dTDP-rhamnose_c0[c0] <=> (1)  NADPH_c0[c0] + (1)  H+_c0[c0] + (1)  dTDP-4-oxo-L-rhamnose_c0[c0]	rxn02003	TDPDRR	R02777	Streptomycin biosynthesis|Polyketide sugar unit biosynthesis	
rxn01200_c0	=	Cytosol_0	HEFHIGPN_00781	Sedoheptulose-7-phosphate:D-glyceraldehyde-3-phosphate glycolaldehyde transferase_c0		-2.08		(1)  cpd00102[c0] + (1)  cpd00238[c0] <=> (1)  cpd00101[c0] + (1)  cpd00198[c0]	(1)  Glyceraldehyde3-phosphate_c0[c0] + (1)  Sedoheptulose7-phosphate_c0[c0] <=> (1)  ribose-5-phosphate_c0[c0] + (1)  D-Xylulose5-phosphate_c0[c0]	rxn01200		R01641	Pentose phosphate pathway|Carbon fixation in photosynthetic organisms	Autotrophic-CO2-Fixation|Biosynthesis|C1-COMPOUNDS|CALVIN-PWY|CARBO-BIOSYNTHESIS|CO2-Fixation|Carbohydrates-Biosynthesis|Carbohydrates-Degradation|Degradation|Energy-Metabolism|Fermentation|Formaldehyde-Assimilation|NONOXIPENT-PWY|P124-PWY|P185-PWY|P21-PWY|PENTOSE-P-PWY|PHOTOALL-PWY|Pentose-Phosphate-Cycle|Photosynthesis|Sugars-And-Polysaccharides|Xylose-Degradation
rxn01011_c0	=	Cytosol_0	HEFHIGPN_00642	D-Glycerate:NAD+ 2-oxidoreductase_c0		6.22		(1)  cpd00003[c0] + (1)  cpd00223[c0] <=> (1)  cpd00004[c0] + (1)  cpd00067[c0] + (1)  cpd00145[c0]	(1)  NAD_c0[c0] + (1)  Glycerate_c0[c0] <=> (1)  NADH_c0[c0] + (1)  H+_c0[c0] + (1)  Hydroxypyruvate_c0[c0]	rxn01011	HPYRRx	R01388	Glycine, serine and threonine metabolism|Glyoxylate and dicarboxylate metabolism|Methane metabolism	C1-COMPOUNDS|Degradation|Energy-Metabolism|Formaldehyde-Assimilation|Photosynthesis
rxn01602_c0	=	Cytosol_0	HEFHIGPN_00927	dihydrofolate:NADP+ oxidoreductase_c0		-2.94		(1)  cpd00006[c0] + (1)  cpd00330[c0] <=> (1)  cpd00005[c0] + (1)  cpd00067[c0] + (1)  cpd00393[c0]	(1)  NADP_c0[c0] + (1)  Dihydrofolate_c0[c0] <=> (1)  NADPH_c0[c0] + (1)  H+_c0[c0] + (1)  Folate_c0[c0]	rxn01602	DHFOR2	R02236	One carbon pool by folate|Folate biosynthesis	
rxn00119_c0	=	Cytosol_0	HEFHIGPN_00837	ATP:UMP phosphotransferase_c0		9.53		(1)  cpd00002[c0] + (1)  cpd00067[c0] + (1)  cpd00091[c0] <=> (1)  cpd00008[c0] + (1)  cpd00014[c0]	(1)  ATP_c0[c0] + (1)  H+_c0[c0] + (1)  UMP_c0[c0] <=> (1)  ADP_c0[c0] + (1)  UDP_c0[c0]	rxn00119	UMPK	R00158	Pyrimidine metabolism	Biosynthesis|Metabolic-Clusters|Nucleotide-Biosynthesis|P1-PWY|PRPP-PWY|PUR-NUC-SYN|PWY0-162|PYR-NUC-SYN|Purine-Nucleotides-Salvage|Pyrimidine-De-Novo-Biosyn
rxn05468_c0	=	Cytosol_0	Unknown	TRANS-RXNAVI-26568.ce_c0		0		(1)  cpd00007[e0] <=> (1)  cpd00007[c0]	(1)  O2_e0[e0] <=> (1)  O2_c0[c0]	rxn05468	O2t			
rxn02008_c0	>	Cytosol_0	(HEFHIGPN_00321 or HEFHIGPN_00282)	UDP-N-acetylmuramoyl-L-alanine:D-glutamate ligase(ADP-forming)_c0	6.3.2.9	-6.35		(1)  cpd00002[c0] + (1)  cpd00186[c0] + (1)  cpd00890[c0] => (1)  cpd00008[c0] + (1)  cpd00009[c0] + (1)  cpd00067[c0] + (1)  cpd00525[c0]	(1)  ATP_c0[c0] + (1)  D-Glutamate_c0[c0] + (1)  UDP-N-acetylmuramoyl-L-alanine_c0[c0] => (1)  ADP_c0[c0] + (1)  Phosphate_c0[c0] + (1)  H+_c0[c0] + (1)  UDP-N-acetylmuramoyl-L-alanyl-D-glutamate_c0[c0]	rxn02008	UAMAGS	R02783	D-Glutamine and D-glutamate metabolism|Peptidoglycan biosynthesis	Acetylmuramoyl-Pentapeptide-Biosynthesis|Antibiotic-Resistance|Biosynthesis|Cell-Structure-Biosynthesis|Cell-Wall-Biosynthesis|Detoxification|PEPTIDOGLYCANSYN-PWY|Peptidoglycan-Biosynthesis
rxn03904_c0	=	Cytosol_0	HEFHIGPN_00322	UDP-N-acetylmuramoyl-L-alanyl-gamma-D-glutamyl-meso-2,6-diaminopimeloyl-D-alanyl-D-alanine:undecaprenyl-phosphate phospho-N-acetylmuramoyl-pentapeptide-transferase_c0		0		(1)  cpd00286[c0] + (1)  cpd02968[c0] <=> (1)  cpd00091[c0] + (1)  cpd03494[c0]	(1)  Undecaprenylphosphate_c0[c0] + (1)  UDP-N-acetylmuramoyl-L-alanyl-D-glutamyl-6-carboxy-L-lysyl-D-alanyl- D-alanine_c0[c0] <=> (1)  UMP_c0[c0] + (1)  Undecaprenyl-diphospho-N-acetylmuramoyl-L-alanyl-D-glutamyl-meso-2-6-diaminopimeloyl-D-alanyl-D-alanine_c0[c0]	rxn03904	PAPPT3	R05630	Peptidoglycan biosynthesis	Biosynthesis|Cell-Structure-Biosynthesis|Cell-Wall-Biosynthesis|PEPTIDOGLYCANSYN-PWY|Peptidoglycan-Biosynthesis
rxn00409_c0	=	Cytosol_0	HEFHIGPN_00895	ATP:CDP phosphotransferase_c0		0		(1)  cpd00002[c0] + (1)  cpd00096[c0] <=> (1)  cpd00008[c0] + (1)  cpd00052[c0]	(1)  ATP_c0[c0] + (1)  CDP_c0[c0] <=> (1)  ADP_c0[c0] + (1)  CTP_c0[c0]	rxn00409	NDPK3	R00570	Pyrimidine metabolism	Biosynthesis|Nucleotide-Biosynthesis|PRPP-PWY|PWY0-162|PWY0-163|PYR-NUC-SYN|Pyrimidine-De-Novo-Biosyn|Pyrimidine-Nucleotide-Salvage
rxn03901_c0	>	Cytosol_0	HEFHIGPN_00050	undecaprenyl-diphosphate phosphohydrolase_c0		-16.35		(1)  cpd00001[c0] + (1)  cpd02229[c0] => (1)  cpd00009[c0] + (2)  cpd00067[c0] + (1)  cpd00286[c0]	(1)  H2O_c0[c0] + (1)  Bactoprenyl diphosphate_c0[c0] => (1)  Phosphate_c0[c0] + (2)  H+_c0[c0] + (1)  Undecaprenylphosphate_c0[c0]	rxn03901	UDCPDP	R05627	Peptidoglycan biosynthesis	
rxn10052_c0	=	Cytosol_0	(HEFHIGPN_00558 or HEFHIGPN_00560)	adenylate kinase (Inorganic triphosphate)_c0				(1)  cpd00018[c0] + (1)  cpd00421[c0] <=> (1)  cpd00008[c0] + (1)  cpd00012[c0]	(1)  AMP_c0[c0] + (1)  Triphosphate_c0[c0] <=> (1)  ADP_c0[c0] + (1)  PPi_c0[c0]	rxn10052	ADK2			
rxn04133_c0	>	Cytosol_0	Unknown	R06064_c0		-34.57		(1)  cpd00001[c0] + (1)  cpd08625[c0] => (1)  cpd00011[c0] + (1)  cpd00067[c0] + (1)  cpd01092[c0]	(1)  H2O_c0[c0] + (1)  5-Hydroxyisourate_c0[c0] => (1)  CO2_c0[c0] + (1)  H+_c0[c0] + (1)  Allantoin_c0[c0]	rxn04133		R06064		
rxn01799_c0	=	Cytosol_0	HEFHIGPN_00619	deoxyuridine:orthophosphate 2-deoxy-D-ribosyltransferase_c0	2.4.2.23	-7.95		(1)  cpd00009[c0] + (1)  cpd00412[c0] <=> (1)  cpd00092[c0] + (1)  cpd00509[c0]	(1)  Phosphate_c0[c0] + (1)  Deoxyuridine_c0[c0] <=> (1)  Uracil_c0[c0] + (1)  deoxyribose-1-phosphate_c0[c0]	rxn01799	DURIPP	R02484	Pyrimidine metabolism	
rxn09296_c0	>	Cytosol_0	HEFHIGPN_00867	hydrogen peroxide reductase (thioredoxin)_c0				(1)  cpd00025[c0] + (1)  cpd11421[c0] => (2)  cpd00001[c0] + (1)  cpd11420[c0]	(1)  H2O2_c0[c0] + (1)  trdrd_c0[c0] => (2)  H2O_c0[c0] + (1)  trdox_c0[c0]	rxn09296	THDPO			
rxn00239_c0	=	Cytosol_0	HEFHIGPN_00633	ATP:GMP phosphotransferase_c0		9.53		(1)  cpd00002[c0] + (1)  cpd00067[c0] + (1)  cpd00126[c0] <=> (1)  cpd00008[c0] + (1)  cpd00031[c0]	(1)  ATP_c0[c0] + (1)  H+_c0[c0] + (1)  GMP_c0[c0] <=> (1)  ADP_c0[c0] + (1)  GDP_c0[c0]	rxn00239	GK1	R00332	Purine metabolism	Biosynthesis|DENOVOPURINE2-PWY|Metabolic-Clusters|Nucleotide-Biosynthesis|P1-PWY|PRPP-PWY|PUR-NUC-SYN|PYR-NUC-SYN|Purine-Nucleotide-De-Novo-Biosynthesis|Purine-Nucleotides-Salvage
rxn01513_c0	=	Cytosol_0	HEFHIGPN_00064	ATP:dTMP phosphotransferase_c0		9.53		(1)  cpd00002[c0] + (1)  cpd00067[c0] + (1)  cpd00298[c0] <=> (1)  cpd00008[c0] + (1)  cpd00297[c0]	(1)  ATP_c0[c0] + (1)  H+_c0[c0] + (1)  dTMP_c0[c0] <=> (1)  ADP_c0[c0] + (1)  dTDP_c0[c0]	rxn01513	CDC8	R02094	Pyrimidine metabolism	Biosynthesis|Metabolic-Clusters|Nucleotide-Biosynthesis|P1-PWY|PUR-NUC-SYN|PWY0-166|PYR-NUC-SYN|Purine-Nucleotides-Salvage|Pyrimid-Deoxyribonucleot-De-Novo-Biosyn
rxn00686_c0	=	Cytosol_0	HEFHIGPN_00927	5,6,7,8-tetrahydrofolate:NADP+ oxidoreductase_c0		0.59		(1)  cpd00006[c0] + (1)  cpd00087[c0] <=> (1)  cpd00005[c0] + (1)  cpd00067[c0] + (1)  cpd00330[c0]	(1)  NADP_c0[c0] + (1)  Tetrahydrofolate_c0[c0] <=> (1)  NADPH_c0[c0] + (1)  H+_c0[c0] + (1)  Dihydrofolate_c0[c0]	rxn00686	DFR1_2	R00939	One carbon pool by folate|Folate biosynthesis	1CMET2-PWY|ALL-CHORISMATE-PWY|Biosynthesis|Cofactor-Biosynthesis|FOLSYN-PWY|Folate-Biosynthesis|Vitamin-Biosynthesis
rxn05289_c0	=	Cytosol_0	HEFHIGPN_00868	NADPH:oxidized-thioredoxin oxidoreductase_c0	1.6.4.5			(1)  cpd00005[c0] + (1)  cpd00067[c0] + (1)  cpd11420[c0] <=> (1)  cpd00006[c0] + (1)  cpd11421[c0]	(1)  NADPH_c0[c0] + (1)  H+_c0[c0] + (1)  trdox_c0[c0] <=> (1)  NADP_c0[c0] + (1)  trdrd_c0[c0]	rxn05289	TRDR	R02016	Pyrimidine metabolism	
rxn05467_c0	=	Cytosol_0	Unknown	CO2 transporter via diffusion_c0		0		(1)  cpd00011[e0] <=> (1)  cpd00011[c0]	(1)  CO2_e0[e0] <=> (1)  CO2_c0[c0]	rxn05467	CO2t			
rxn00117_c0	=	Cytosol_0	HEFHIGPN_00895	ATP:UDP phosphotransferase_c0		0		(1)  cpd00002[c0] + (1)  cpd00014[c0] <=> (1)  cpd00008[c0] + (1)  cpd00062[c0]	(1)  ATP_c0[c0] + (1)  UDP_c0[c0] <=> (1)  ADP_c0[c0] + (1)  UTP_c0[c0]	rxn00117	NDPK2	R00156	Pyrimidine metabolism	Biosynthesis|Nucleotide-Biosynthesis|PRPP-PWY|PWY0-162|PYR-NUC-SYN|Pyrimidine-De-Novo-Biosyn
rxn01520_c0	>	Cytosol_0	HEFHIGPN_00061	5,10-Methylenetetrahydrofolate:dUMP C-methyltransferase_c0		-15.88		(1)  cpd00125[c0] + (1)  cpd00299[c0] => (1)  cpd00298[c0] + (1)  cpd00330[c0]	(1)  5-10-Methylenetetrahydrofolate_c0[c0] + (1)  dUMP_c0[c0] => (1)  dTMP_c0[c0] + (1)  Dihydrofolate_c0[c0]	rxn01520	CDC21	R02101	Pyrimidine metabolism|One carbon pool by folate	1CMET2-PWY|Biosynthesis|Cofactor-Biosynthesis|Folate-Biosynthesis|Metabolic-Clusters|Nucleotide-Biosynthesis|P1-PWY|PUR-NUC-SYN|PWY0-166|PYR-NUC-SYN|Purine-Nucleotides-Salvage|Pyrimid-Deoxyribonucleot-De-Novo-Biosyn|Vitamin-Biosynthesis
rxn10196_c0	=	Cytosol_0	(HEFHIGPN_00911 and Unknown)	Teichoic acid (D-alanine substituted) export_c0		-4.5		(1)  cpd15663[c0] + (1)  cpd15666[c0] <=> (1)  cpd00067[c0] + (1)  cpd00286[c0] + (1)  cpd15668[c0]	(1)  Prenol-45n teichoic acid-alanine substituted_c0[c0] + (1)  Peptidoglycan polymer (n-1 subunits) _c0[c0] <=> (1)  H+_c0[c0] + (1)  Undecaprenylphosphate_c0[c0] + (1)  glycerol teichoic acid (n=45) , linked, D-ala substituted_c0[c0]	rxn10196				
rxn00839_c0	=	Cytosol_0	HEFHIGPN_00895	ATP:dADP phosphotransferase_c0		0		(1)  cpd00002[c0] + (1)  cpd00177[c0] <=> (1)  cpd00008[c0] + (1)  cpd00115[c0]	(1)  ATP_c0[c0] + (1)  dADP_c0[c0] <=> (1)  ADP_c0[c0] + (1)  dATP_c0[c0]	rxn00839	NDPK8	R01137	Purine metabolism	Biosynthesis|DENOVOPURINE2-PWY|Nucleotide-Biosynthesis|PRPP-PWY|PUR-NUC-SYN|Purine-Nucleotide-De-Novo-Biosynthesis
bio1	=>	c0		GramNegativeBiomass auto biomass				(35.5403092430435) cpd00001[c0]+(40.1101757365074) cpd00002[c0]+(0.00309646685192537) cpd00003[c0]+(0.00309646685192537) cpd00006[c0]+(0.00309646685192537) cpd00010[c0]+(0.00309646685192537) cpd00015[c0]+(0.00309646685192537) cpd00016[c0]+(0.00309646685192537) cpd00017[c0]+(0.219088153012743) cpd00023[c0]+(0.00309646685192537) cpd00028[c0]+(0.00309646685192537) cpd00030[c0]+(0.509869786991038) cpd00033[c0]+(0.00309646685192537) cpd00034[c0]+(0.427934380173264) cpd00035[c0]+(0.135406821203723) cpd00038[c0]+(0.285438020490179) cpd00039[c0]+(0.200830806928348) cpd00041[c0]+(0.00309646685192537) cpd00042[c0]+(0.00309646685192537) cpd00048[c0]+(0.246696822701341) cpd00051[c0]+(0.0841036156544863) cpd00052[c0]+(0.219088153012743) cpd00053[c0]+(0.179456352975885) cpd00054[c0]+(0.00309646685192537) cpd00056[c0]+(0.00309646685192537) cpd00058[c0]+(0.127801422590767) cpd00060[c0]+(0.0908319049068452) cpd00062[c0]+(0.00309646685192537) cpd00063[c0]+(0.0472019191450218) cpd00065[c0]+(0.154519490031345) cpd00066[c0]+(0.120676604606612) cpd00069[c0]+(0.0761464922056484) cpd00084[c0]+(0.00309646685192537) cpd00087[c0]+(0.00309646685192537) cpd00099[c0]+(0.375388847540127) cpd00107[c0]+(0.018080849483605) cpd00115[c0]+(0.00309646685192537) cpd00118[c0]+(0.0792636000737159) cpd00119[c0]+(0.184354665339991) cpd00129[c0]+(0.200830806928348) cpd00132[c0]+(0.00309646685192537) cpd00149[c0]+(0.352233189091625) cpd00156[c0]+(0.211072732780569) cpd00161[c0]+(0.00309646685192537) cpd00166[c0]+(0.00309646685192537) cpd00201[c0]+(0.00309646685192537) cpd00205[c0]+(0.00309646685192537) cpd00220[c0]+(0.0139626224683409) cpd00241[c0]+(0.00309646685192537) cpd00254[c0]+(0.00309646685192537) cpd00264[c0]+(0.241798510337235) cpd00322[c0]+(0.00309646685192537) cpd00345[c0]+(0.0139626224683409) cpd00356[c0]+(0.018080849483605) cpd00357[c0]+(0.00309646685192537) cpd00557[c0]+(0.0250105977108944) cpd02229[c0]+(0.00309646685192537) cpd10515[c0]+(0.00309646685192537) cpd10516[c0]+(0.00309646685192537) cpd11493[c0]+(0.00309646685192537) cpd15352[c0]+(0.0250105977108944) cpd15432[c0]+(0.00309646685192537) cpd15500[c0]+(0.0106480421341882) cpd15533[c0]+(0.0106480421341882) cpd15540[c0]+(0.00309646685192537) cpd15560[c0]+(0.0250105977108944) cpd15665[c0]+(0.0106480421341882) cpd15695[c0]+(0.0106480421341882) cpd15696[c0]+(0.0106480421341882) cpd15722[c0]+(0.0106480421341882) cpd15723[c0]+(0.0106480421341882) cpd15793[c0]+(0.0106480421341882) cpd15794[c0]+(0.0106480421341882) cpd15795[c0]+(1) cpd17041[c0]+(1) cpd17042[c0]+(1) cpd17043[c0]=>(40) cpd00008[c0]+(39.9969035331481) cpd00009[c0]+(0.484605022176323) cpd00012[c0]+(40) cpd00067[c0]+(0.00309646685192537) cpd01997[c0]+(0.00309646685192537) cpd03422[c0]+(1) cpd11416[c0]+(0.00309646685192537) cpd12370[c0]+(0.0250105977108944) cpd15666[c0]	(0.00309646685192537) 10-Formyltetrahydrofolate[c0]+(0.00309646685192537) 2-Demethylmenaquinone 8[c0]+(0.00309646685192537) 5-Methyltetrahydrofolate[c0]+(0.00309646685192537) ACP[c0]+(40.1101757365074) ATP[c0]+(0.0106480421341882) Anteisoheptadecanoylcardiolipin (B. subtilis) [c0]+(0.0250105977108944) Bactoprenyl diphosphate[c0]+(0.0841036156544863) CTP[c0]+(0.00309646685192537) Ca2+[c0]+(0.00309646685192537) Calomide[c0]+(0.00309646685192537) Cl-[c0]+(0.00309646685192537) Co2+[c0]+(0.00309646685192537) CoA[c0]+(0.00309646685192537) Cu2+[c0]+(1) DNA replication[c0]+(0.0106480421341882) Dianteisoheptadecanoylphosphatidylethanolamine[c0]+(0.0106480421341882) Dianteisoheptadecanoylphosphatidylglycerol[c0]+(0.0106480421341882) Diisoheptadecanoylphosphatidylethanolamine[c0]+(0.0106480421341882) Diisoheptadecanoylphosphatidylglycerol[c0]+(0.00309646685192537) FAD[c0]+(0.00309646685192537) Fe2+[c0]+(0.00309646685192537) GSH[c0]+(0.135406821203723) GTP[c0]+(0.509869786991038) Glycine[c0]+(35.5403092430435) H2O[c0]+(0.00309646685192537) Heme[c0]+(0.0106480421341882) Isoheptadecanoylcardiolipin (B. subtilis) [c0]+(0.00309646685192537) K+[c0]+(0.427934380173264) L-Alanine[c0]+(0.246696822701341) L-Arginine[c0]+(0.200830806928348) L-Asparagine[c0]+(0.200830806928348) L-Aspartate[c0]+(0.0761464922056484) L-Cysteine[c0]+(0.219088153012743) L-Glutamate[c0]+(0.219088153012743) L-Glutamine[c0]+(0.0792636000737159) L-Histidine[c0]+(0.241798510337235) L-Isoleucine[c0]+(0.375388847540127) L-Leucine[c0]+(0.285438020490179) L-Lysine[c0]+(0.127801422590767) L-Methionine[c0]+(0.154519490031345) L-Phenylalanine[c0]+(0.184354665339991) L-Proline[c0]+(0.179456352975885) L-Serine[c0]+(0.211072732780569) L-Threonine[c0]+(0.0472019191450218) L-Tryptophan[c0]+(0.120676604606612) L-Tyrosine[c0]+(0.352233189091625) L-Valine[c0]+(0.00309646685192537) Menaquinone 8[c0]+(0.00309646685192537) Mg[c0]+(0.00309646685192537) Mn2+[c0]+(0.00309646685192537) NAD[c0]+(0.00309646685192537) NADP[c0]+(0.0250105977108944) Peptidoglycan polymer (n subunits) [c0]+(0.0106480421341882) Phosphatidylglycerol dioctadecanoyl[c0]+(1) Protein biosynthesis[c0]+(0.00309646685192537) Putrescine[c0]+(0.00309646685192537) Pyridoxal phosphate[c0]+(1) RNA transcription[c0]+(0.00309646685192537) Riboflavin[c0]+(0.00309646685192537) S-Adenosyl-L-methionine[c0]+(0.00309646685192537) Siroheme[c0]+(0.00309646685192537) Spermidine[c0]+(0.0106480421341882) Stearoylcardiolipin (B. subtilis) [c0]+(0.00309646685192537) Sulfate[c0]+(0.00309646685192537) TPP[c0]+(0.018080849483605) TTP[c0]+(0.00309646685192537) Tetrahydrofolate[c0]+(0.0908319049068452) UTP[c0]+(0.00309646685192537) Ubiquinone-8[c0]+(0.00309646685192537) Zn2+[c0]+(0.0250105977108944) core oligosaccharide lipid A[c0]+(0.018080849483605) dATP[c0]+(0.0139626224683409) dCTP[c0]+(0.0139626224683409) dGTP[c0]+(0.00309646685192537) fe3[c0]+(0.0106480421341882) phosphatidylethanolamine dioctadecanoyl[c0]=>(40) ADP[c0]+(1) Biomass[c0]+(0.00309646685192537) Cobinamide[c0]+(0.00309646685192537) Dimethylbenzimidazole[c0]+(40) H+[c0]+(0.484605022176323) PPi[c0]+(0.0250105977108944) Peptidoglycan polymer (n-1 subunits) [c0]+(39.9969035331481) Phosphate[c0]+(0.00309646685192537) apo-ACP[c0]
